nom_categorie        ,nom_produit                                              ,prix_produit     ,reference_produit ,url_produit
Parquet Massif       ,Parquet Chêne Massif Griveline                           ,79.9€ HT/m²      ,Ref: 03010403301  ,https://venessens-parquet.com/collections/parquet-chene-massif-griveline-2/
Parquet Massif       ,Parquet Chêne Massif Boston                              ,99.9€ HT/m²      ,Ref: 03010403305  ,https://venessens-parquet.com/collections/parquet-chene-massif-boston-2/
Parquet Massif       ,Parquet Chêne Massif Crans                               ,129.9€ HT/m²     ,Ref: 03010407706  ,https://venessens-parquet.com/collections/parquet-chene-massif-crans/
Parquet Massif       ,Parquet Chêne Massif Boston                              ,129.9€ HT/m²     ,Ref: 03010407705  ,https://venessens-parquet.com/collections/parquet-chene-massif-boston/
Parquet Massif       ,Parquet Chêne Massif Haussmann                           ,99.9€ HT/m²      ,Ref: 03010407703  ,https://venessens-parquet.com/collections/parquet-chene-massif-haussmann/
Parquet Massif       ,Parquet Chêne Massif Crans                               ,99.9€ HT/m²      ,Ref: 03010403306  ,https://venessens-parquet.com/collections/parquet-chene-massif-crans-2/
Parquet Massif       ,Parquet Chêne Massif Aspect Brut                         ,99.9€ HT/m²      ,Ref: 03010407708  ,https://venessens-parquet.com/collections/parquet-chene-massif-aspect-brut/
Parquet Massif       ,Parquet Chêne Massif Javeline                            ,99.9€ HT/m²      ,Ref: 03010407709  ,https://venessens-parquet.com/collections/parquet-chene-massif-javeline/
Panneaux             ,Panneau Chêne Infinito Semi-Massif Walnut                ,299.9€ HT/m²     ,Ref: 02070220001  ,https://venessens-parquet.com/collections/panneau-chene-infinito-semi-massif-walnut/
Panneaux             ,Treccia Chêne Semi-Massif Cortina                        ,279.9€ HT/m²     ,Ref: 02071220022  ,https://venessens-parquet.com/collections/treccia-chene-semi-massif-cortina/
Panneaux             ,Treccia Chêne Semi-Massif Grigio                         ,279.9€ HT/m²     ,Ref: 02071220021  ,https://venessens-parquet.com/collections/treccia-chene-semi-massif-grigio/
Panneaux             ,Dalles Versace Chêne  Semi-Massif Firenze                ,259.9€ HT/m²     ,Ref: 02060210002  ,https://venessens-parquet.com/collections/dalles-versace-chene-semi-massif-firenze/
Move (gaufré)        ,Panneaux Move Alpi Grigio-P                              ,490€ HT/u        ,Ref: 13022010210  ,https://venessens-parquet.com/collections/panneaux-move-grigio-p/
Fresati (fraisés)    ,Panneaux Alpi Grigio Portofino                           ,1690€ HT/u       ,Ref: 13011020304  ,https://venessens-parquet.com/collections/panneaux-alpi-grigio-portofino/
Fresati (fraisés)    ,Panneaux Ebony Fraisé Capri                              ,2390€ HT/u       ,Ref: 13011020305  ,https://venessens-parquet.com/collections/panneaux-ebony-fraise-capri/
Entretien du Parquet ,Nettoyant VENESSENS  Pour Parquets Vernis Mat 5 litres   ,69.9€ HT/litres  ,Ref: 08040011112  ,https://venessens-parquet.com/collections/nettoyant-venessens-pour-parquets-vernis-mat-5-litres/
Entretien du Parquet ,Rénovateur Mat VENESSENS  Pour Parquets Vernis 5 litres  ,110.9€ HT/litres ,Ref: 08040001114  ,https://venessens-parquet.com/collections/renovateur-mat-venessens-pour-parquets-vernis-5-litres/
Entretien du Parquet ,Huile d'Entretien VENESSENS Pour Parquets Huilés 1 litre ,27.9€ HT/litres  ,Ref: 08040222226  ,https://venessens-parquet.com/collections/huile-dentretien-venessens-pour-parquets-huiles-1-litre/
Entretien du Parquet ,Savon Naturel VENESSENS Pour Parquets Huilés 1 litre     ,23.9€ HT/litres  ,Ref: 08040222225  ,https://venessens-parquet.com/collections/savon-naturel-venessens-pour-parquets-huiles-1-litre-2/
Entretien du Parquet ,Savon Naturel VENESSENS Pour Parquets Huilés 1 litre     ,23.9€ HT/litres  ,Ref: 08040222221  ,https://venessens-parquet.com/collections/savon-naturel-venessens-pour-parquets-huiles-1-litre/
Entretien du Parquet ,Rénovateur Mat VENESSENS  Pour Parquets Vernis 1 litres  ,22.9€ HT/litres  ,Ref: 08040001113  ,https://venessens-parquet.com/collections/renovateur-mat-venessens-pour-parquets-vernis-1-litres/
Finition             ,Vitrificateur Intensiv Naturel                           ,214.8€ HT/litres ,Ref: 08050120251  ,https://venessens-parquet.com/collections/vitrificateur-intensiv-naturel/
Finition             ,Vitrificateur Intensiv Effet Nature                      ,214.8€ HT/litres ,Ref: 08050120250  ,https://venessens-parquet.com/collections/vitrificateur-intensiv-effet-nature/
Finition             ,Seuil Placage Bois Chêne Assorti Profil 3 en 1           ,30€ HT/u         ,Ref: 08030515222  ,https://venessens-parquet.com/collections/seuil-placage-bois-chene-assorti-profil-3-en-1/
Pose du Parquet      ,Réagréage Bostik Fibré                                   ,48€ HT/          ,Ref: 08070111125  ,https://venessens-parquet.com/collections/reagreage-bostik-fibre/
Pose du Parquet      ,Isolant TB Alu                                           ,22€ HT/m²        ,Ref: 08020101014  ,https://venessens-parquet.com/collections/isolant-tb-alu/
Finition             ,Plinthes Chêne Massif Brut 70mm                          ,8.4€ HT/ml       ,Ref: 08030211281  ,https://venessens-parquet.com/collections/plinthes-chene-massif-brut-70mm/
Entretien du Parquet ,Nettoyant VENESSENS  Pour Parquets Vernis Mat 1 litre    ,18.9€ HT/litres  ,Ref: 08040011111  ,https://venessens-parquet.com/collections/nettoyant-venessens-pour-parquets-vernis-mat-1-litre/
Sol Stratifié        ,Sol Stratifié Baléares                                   ,29.9€ HT/m²      ,Ref: 06034003003  ,https://venessens-parquet.com/collections/sol-stratifie-baleares-2/
Pose du Parquet      ,Réagréage Bostik Sol Béton Autolissant P3                ,21.6€ HT/        ,Ref: 08070111126  ,https://venessens-parquet.com/collections/reagreage-bostik-sol-beton-autolissant-p3/
Pose du Parquet      ,Isolant Liège Bitumé 4mm                                 ,12€ HT/m²        ,Ref: 08020101012  ,https://venessens-parquet.com/collections/isolant-liege-bitume-4mm/
Pose du Parquet      ,Colle Parquet R-L Bostik                                 ,12€ HT/u         ,Ref: 03010321181  ,https://venessens-parquet.com/collections/colle-parquet-r-l-bostik/
Pose du Parquet      ,Colle Parquet Bostik H140                                ,6€ HT/kg         ,Ref: 08010100140  ,https://venessens-parquet.com/collections/colle-parquet-bostik-h140/
Pose de Terrasse     ,Saturateur Parquets Extérieurs                           ,166.8€ HT/litres ,Ref: 08040433333  ,https://venessens-parquet.com/collections/saturateur-parquets-exterieurs/
Pose du Parquet      ,Colle Parquet Bostik Wood H180                           ,7€ HT/kg         ,Ref: 03010321180  ,https://venessens-parquet.com/collections/colle-parquet-bostik-wood-h180/
Pose du Parquet      ,Isolant Acouflex Gs5                                     ,8€ HT/m²         ,Ref: 08020101013  ,https://venessens-parquet.com/collections/isolant-acouflex-gs5/
Pose du Parquet      ,Colle Parquet Au Cordon 600                              ,9.6€ HT/u        ,Ref: 08010206000  ,https://venessens-parquet.com/collections/colle-parquet-au-cordon-600/
Pose de Terrasse     ,Lambourdes Exotiques                                     ,9.6€ HT/ml       ,Ref: 08060104060  ,https://venessens-parquet.com/collections/lambourdes-exotiques/
Pose du Parquet      ,Isolant Liège Bitumé 2mm                                 ,7€ HT/m²         ,Ref: 08020120015  ,https://venessens-parquet.com/collections/isolant-liege-bitume-2mm/
Move (gaufré)        ,Panneaux Move Alpi Ebony-E                               ,699€ HT/u        ,Ref: 13022010214  ,https://venessens-parquet.com/collections/panneaux-move-ebony-e/
Move (gaufré)        ,Panneaux Move Alpi Noyer-B+B                             ,590€ HT/u        ,Ref: 13022010209  ,https://venessens-parquet.com/collections/panneaux-move-noyer-bb/
Move (gaufré)        ,Panneaux Move Alpi Chêne -N                              ,590€ HT/u        ,Ref: 13022010208  ,https://venessens-parquet.com/collections/panneaux-move-chene-n/
Move (gaufré)        ,Panneaux Move Alpi Noyer-X                               ,549€ HT/u        ,Ref: 13022010212  ,https://venessens-parquet.com/collections/panneaux-move-alpi-noyer-x/
Move (gaufré)        ,Panneaux Move Alpi Noyer D+D                             ,599€ HT/u        ,Ref: 13022010216  ,https://venessens-parquet.com/collections/panneaux-move-noyer-dd/
Fresati (fraisés)    ,Panneaux Noyer Americain Fraisé Venezia                  ,1390€ HT/u       ,Ref: 13011020302  ,https://venessens-parquet.com/collections/panneaux-noyer-americain-fraise-venezia/
Move (gaufré)        ,Panneaux Move Alpi Wengé A+A                             ,549€ HT/u        ,Ref: 13022010213  ,https://venessens-parquet.com/collections/panneaux-move-alpi-wenge-aa/
Fresati (fraisés)    ,Panneaux Noyer Americain Fraisé Milano                   ,1590€ HT/u       ,Ref: 13011020307  ,https://venessens-parquet.com/collections/panneaux-noyer-americain-fraise-milano/
Fresati (fraisés)    ,Panneaux Chêne Fraisé Asolo                              ,1290€ HT/u       ,Ref: 13011020306  ,https://venessens-parquet.com/collections/panneaux-chene-fraise-asolo-2/
Fresati (fraisés)    ,Panneaux Chêne Fraisé Roma                               ,1290€ HT/u       ,Ref: 13011020301  ,https://venessens-parquet.com/collections/panneaux-chene-fraise-roma/
Fresati (fraisés)    ,Panneaux Bouleau Fraisé Firenze                          ,819€ HT/u        ,Ref: 13011020303  ,https://venessens-parquet.com/collections/panneaux-bouleau-fraise-firenze/
Style Français       ,Point de Hongrie Chêne Semi-Massif Aurore                ,129.9€ HT/m²     ,Ref: 05040101090  ,https://venessens-parquet.com/collections/point-de-hongrie-chene-semi-massif-aurore/
Style Français       ,Point de Hongrie Chêne Semi-Massif Mazel                 ,109.9€ HT/m²     ,Ref: 05040104090  ,https://venessens-parquet.com/collections/point-de-hongrie-chene-semi-massif-mazel/
Style Français       ,Point de Hongrie Chêne Semi-Massif Naturel               ,129.9€ HT/m²     ,Ref: 05040106090  ,https://venessens-parquet.com/collections/point-de-hongrie-chene-semi-massif-naturel/
Style Français       ,Point de Hongrie Chêne Semi-Massif Coton Huilé           ,109.9€ HT/m²     ,Ref: 05040111090  ,https://venessens-parquet.com/collections/point-de-hongrie-chene-semi-massif-coton-huile/
Style Français       ,Point de Hongrie Semi-Massif Aspect Brut                 ,99.9€ HT/m²      ,Ref: 03030406119  ,https://venessens-parquet.com/collections/point-de-hongrie-semi-massif-aspect-brut-3/
Style Français       ,Point de Hongrie Semi-Massif Doré                        ,89.9€ HT/m²      ,Ref: 03030406124  ,https://venessens-parquet.com/collections/point-de-hongrie-semi-massif-dore/
Style Français       ,Point de Hongrie Semi-Massif Caramel                     ,89.9€ HT/m²      ,Ref: 03030406108  ,https://venessens-parquet.com/collections/point-de-hongrie-semi-massif-caramel/
Style Français       ,Point de Hongrie Semi-Massif Haussmann                   ,89.9€ HT/m²      ,Ref: 03030406112  ,https://venessens-parquet.com/collections/point-de-hongrie-semi-massif-haussmann/
Style Français       ,Point de Hongrie Semi-Massif Caramel                     ,99.9€ HT/m²      ,Ref: 03030406118  ,https://venessens-parquet.com/collections/point-de-hongrie-semi-massif-caramel-2/
Style Français       ,Point de Hongrie Semi-Massif Naturel                     ,89.9€ HT/m²      ,Ref: 03030406100  ,https://venessens-parquet.com/collections/point-de-hongrie-semi-massif-naturel/
Style Français       ,Point de Hongrie Semi-Massif Javeline                    ,89.9€ HT/m²      ,Ref: 03030406102  ,https://venessens-parquet.com/collections/point-de-hongrie-semi-massif-javeline-2/
Style Français       ,Bâton Rompu Chêne Semi-Massif Coton Huilé                ,89.9€ HT/m²      ,Ref: 05050101027  ,https://venessens-parquet.com/collections/baton-rompu-chene-semi-massif-coton-huile/
Panneaux             ,Dalles Versace Chêne  Semi-Massif Venezia                ,259.9€ HT/m²     ,Ref: 02060210001  ,https://venessens-parquet.com/collections/dalles-versace-chene-semi-massif-venezia/
Panneaux             ,Treccia Chêne Semi-Massif Naturalizzato                  ,179.9€ HT/m²     ,Ref: 02071220020  ,https://venessens-parquet.com/collections/treccia-chene-semi-massif-naturalizzato/
Panneaux             ,Dalles Versace Chêne  Semi-Massif Sanibell               ,259.9€ HT/m²     ,Ref: 02060210000  ,https://venessens-parquet.com/collections/dalles-versace-chene-semi-massif-grigio/
Sol Stratifié        ,Sol Stratifié Olympe                                     ,29.9€ HT/m²      ,Ref: 06034003001  ,https://venessens-parquet.com/collections/sol-stratifie-olympe-2/
Sol Stratifié        ,Sol Stratifié Canaries                                   ,29.9€ HT/m²      ,Ref: 06034003002  ,https://venessens-parquet.com/collections/sol-stratifie-canaries-2/
Panneaux             ,Dalles Versace Chêne  Semi-Massif Naturalizzato          ,249.9€ HT/m²     ,Ref: 02060210003  ,https://venessens-parquet.com/collections/dalles-versace-chene-semi-massif-naturalizzato/
Sol Stratifié        ,Sol Stratifié Polaire                                    ,29.9€ HT/m²      ,Ref: 06012612125  ,https://venessens-parquet.com/collections/sol-stratifie-polaire/
Sol Stratifié        ,Sol Stratifié Sardaigne                                  ,29.9€ HT/m²      ,Ref: 06034003000  ,https://venessens-parquet.com/collections/sol-stratifie-sardaigne-2/
Style Français       ,Point de Hongrie Chêne Semi-Massif Venezia               ,139.9€ HT/m²     ,Ref: 02070115164  ,https://venessens-parquet.com/collections/point-de-hongrie-chene-semi-massif-venezia/
Style Français       ,Point de Hongrie Chêne Semi-Massif Firenze               ,139.9€ HT/m²     ,Ref: 02070115162  ,https://venessens-parquet.com/collections/point-de-hongrie-chene-semi-massif-firenze/
Style Français       ,Point de Hongrie Chêne Semi-Massif Sanibell              ,139.9€ HT/m²     ,Ref: 02070115161  ,https://venessens-parquet.com/collections/point-de-hongrie-chene-semi-massif-grigio/
Style Français       ,Point de Hongrie Semi-Massif Griveline                   ,129.9€ HT/m²     ,Ref: 03030406121  ,https://venessens-parquet.com/collections/point-de-hongrie-semi-massif-griveline-2/
Style Français       ,Point de Hongrie Semi-Massif Haussmann                   ,129.9€ HT/m²     ,Ref: 03030305098  ,https://venessens-parquet.com/collections/point-de-hongrie-semi-massif-haussmann-2/
Style Français       ,Point de Hongrie Semi-Massif Savane                      ,129.9€ HT/m²     ,Ref: 03030305096  ,https://venessens-parquet.com/collections/point-de-hongrie-semi-massif-savane-2/
Style Français       ,Point de Hongrie Semi-Massif Naturel                     ,129.9€ HT/m²     ,Ref: 03030305097  ,https://venessens-parquet.com/collections/point-de-hongrie-semi-massif-naturel-2/
Style Français       ,Point de Hongrie Semi-Massif Griveline                   ,129.9€ HT/m²     ,Ref: 03030305094  ,https://venessens-parquet.com/collections/point-de-hongrie-semi-massif-griveline/
Style Français       ,Point de Hongrie Semi-Massif Aspect Brut                 ,129.9€ HT/m²     ,Ref: 03030305091  ,https://venessens-parquet.com/collections/point-de-hongrie-semi-massif-aspect-brut/
Style Français       ,Point de Hongrie Semi-Massif Javeline                    ,129.9€ HT/m²     ,Ref: 03030305090  ,https://venessens-parquet.com/collections/point-de-hongrie-semi-massif-javeline/
Style Français       ,Point de Hongrie Chêne Semi-Massif Naturalizzato         ,129.9€ HT/m²     ,Ref: 02070115165  ,https://venessens-parquet.com/collections/point-de-hongrie-chene-semi-massif-naturalizzato/
Style Français       ,Point de Hongrie Semi-Massif Savane                      ,129.9€ HT/m²     ,Ref: 03030305093  ,https://venessens-parquet.com/collections/point-de-hongrie-semi-massif-savane/
Style Français       ,Point de Hongrie Chêne Semi-Massif Perle Huilé           ,129.9€ HT/m²     ,Ref: 05040108090  ,https://venessens-parquet.com/collections/point-de-hongrie-chene-semi-massif-perle-huile/
Style Français       ,Point de Hongrie Chêne Semi-Massif Naturel Verni         ,129.9€ HT/m²     ,Ref: 05040107090  ,https://venessens-parquet.com/collections/point-de-hongrie-chene-semi-massif-naturel-verni/
Sol Stratifié        ,Sol Stratifié Olympe                                     ,29.9€ HT/m²      ,Ref: 06012612124  ,https://venessens-parquet.com/collections/sol-stratifie-olympe/
Style Français       ,Bâton Rompu Chêne Semi-Massif Naturel                    ,129.9€ HT/m²     ,Ref: 05050101026  ,https://venessens-parquet.com/collections/baton-rompu-chene-semi-massif-naturel/
Style Français       ,Point de Hongrie Chêne Semi-Massif Gustav                ,219.9€ HT/m²     ,Ref: 02070118191  ,https://venessens-parquet.com/collections/point-de-hongrie-chene-semi-massif-gustav/
Style Français       ,Point de Hongrie Chêne Semi-Massif Olympus Apollo        ,219.9€ HT/m²     ,Ref: 02070118189  ,https://venessens-parquet.com/collections/point-de-hongrie-chene-semi-massif-olympus-apollo/
Style Français       ,Point de Hongrie Chêne Semi-Massif Royal Fumé Foncé      ,219.9€ HT/m²     ,Ref: 02070118190  ,https://venessens-parquet.com/collections/point-de-hongrie-chene-semi-massif-royal-fume-fonce/
Style Français       ,Point de Hongrie Chêne Semi-Massif Royal Blanc Intense   ,219.9€ HT/m²     ,Ref: 02070118188  ,https://venessens-parquet.com/collections/point-de-hongrie-chene-semi-massif-royal-blanc-intense/
Style Français       ,Point de Hongrie Chêne Semi-Massif Artisan Colonial      ,219.9€ HT/m²     ,Ref: 02070118187  ,https://venessens-parquet.com/collections/point-de-hongrie-chene-semi-massif-artisan-colonial/
Style Français       ,Point de Hongrie Chêne Semi-Massif Olympus Vulcanus      ,219.9€ HT/m²     ,Ref: 02070118185  ,https://venessens-parquet.com/collections/point-de-hongrie-chene-semi-massif-olympus-vulcanus/
Style Français       ,Point de Hongrie Chêne Semi-Massif Artisan Bruges        ,219.9€ HT/m²     ,Ref: 02070118186  ,https://venessens-parquet.com/collections/point-de-hongrie-chene-semi-massif-artisan-bruges/
Style Français       ,Point de Hongrie Semi-Massif Crans                       ,159.9€ HT/m²     ,Ref: 03030406109  ,https://venessens-parquet.com/collections/point-de-hongrie-semi-massif-crans/
Style Français       ,Point de Hongrie Semi-Massif Sand                        ,159.9€ HT/m²     ,Ref: 03030406120  ,https://venessens-parquet.com/collections/point-de-hongrie-semi-massif-sand-3/
Style Français       ,Point de Hongrie Semi-Massif Fumé                        ,159.9€ HT/m²     ,Ref: 03030406105  ,https://venessens-parquet.com/collections/point-de-hongrie-semi-massif-fume/
Style Français       ,Point de Hongrie Semi-Massif Sand                        ,159.9€ HT/m²     ,Ref: 03030406107  ,https://venessens-parquet.com/collections/point-de-hongrie-semi-massif-sand/
Style Français       ,Point de Hongrie Semi-Massif 507N                        ,149.9€ HT/m²     ,Ref: 03030406123  ,https://venessens-parquet.com/collections/point-de-hongrie-semi-massif-507n/
Style Français       ,Point de Hongrie Semi-Massif Sand                        ,159.9€ HT/m²     ,Ref: 03030406116  ,https://venessens-parquet.com/collections/point-de-hongrie-semi-massif-sand-2/
Style Français       ,Bâton Rompu Chêne Semi-Massif Perce                      ,149.9€ HT/m²     ,Ref: 02070118184  ,https://venessens-parquet.com/collections/baton-rompu-chene-semi-massif-perce/
Style Français       ,Bâton Rompu Chêne Semi-Massif Artisan Anvers             ,149.9€ HT/m²     ,Ref: 02070118183  ,https://venessens-parquet.com/collections/baton-rompu-chene-semi-massif-artisan-anvers/
Sol Stratifié        ,Sol Stratifié Canaries                                   ,29.9€ HT/m²      ,Ref: 06012612122  ,https://venessens-parquet.com/collections/sol-stratifie-canaries/
Sol Stratifié        ,Sol Stratifié Baléares                                   ,29.9€ HT/m²      ,Ref: 06012612123  ,https://venessens-parquet.com/collections/sol-stratifie-baleares/
Sol Stratifié        ,Sol Stratifié Sardaigne                                  ,29.9€ HT/m²      ,Ref: 06012612121  ,https://venessens-parquet.com/collections/sol-stratifie-sardaigne/
Sol Stratifié        ,Sol Stratifié Platon                                     ,24.9€ HT/m²      ,Ref: 06043624234  ,https://venessens-parquet.com/collections/sol-stratifie-platon/
Sol Stratifié        ,Sol Stratifié Rafia                                      ,29.9€ HT/m²      ,Ref: 06012612120  ,https://venessens-parquet.com/collections/sol-stratifie-rafia/
Sol Stratifié        ,Sol Stratifié Gris Bulding                               ,24.9€ HT/m²      ,Ref: 06043624235  ,https://venessens-parquet.com/collections/sol-stratifie-gris-bulding/
Style Français       ,Point de Hongrie Semi-Massif Atelier Ciso                ,229.9€ HT/m²     ,Ref: 02070118182  ,https://venessens-parquet.com/collections/point-de-hongrie-semi-massif-atelier-ciso/
Style Français       ,Point de Hongrie Semi-Massif Atelier Mandrin             ,229.9€ HT/m²     ,Ref: 02070118181  ,https://venessens-parquet.com/collections/point-de-hongrie-semi-massif-atelier-mandrin/
Style Français       ,Point de Hongrie Chêne Semi-Massif Artisan Marseille     ,219.9€ HT/m²     ,Ref: 02070118194  ,https://venessens-parquet.com/collections/point-de-hongrie-chene-semi-massif-artisan-marseille/
Style Français       ,Point de Hongrie Chêne Semi-Massif Noyer                 ,219.9€ HT/m²     ,Ref: 02070115163  ,https://venessens-parquet.com/collections/point-de-hongrie-chene-semi-massif-noyer/
Style Français       ,Point de Hongrie Chêne Semi-Massif Artisan Anvers        ,219.9€ HT/m²     ,Ref: 02070118195  ,https://venessens-parquet.com/collections/point-de-hongrie-chene-semi-massif-artisan-anvers/
Style Français       ,Point de Hongrie Chêne Semi-Massif Gaspard               ,219.9€ HT/m²     ,Ref: 02070118193  ,https://venessens-parquet.com/collections/point-de-hongrie-chene-semi-massif-gaspard/
Sol Stratifié        ,Sol Stratifié Papyrus                                    ,24.9€ HT/m²      ,Ref: 06043624233  ,https://venessens-parquet.com/collections/sol-stratifie-papyrus/
Sol Stratifié        ,Sol Stratifié Elis                                       ,24.9€ HT/m²      ,Ref: 06043624232  ,https://venessens-parquet.com/collections/sol-stratifie-elis/
Style Français       ,Point de Hongrie Chêne Semi-Massif René                  ,219.9€ HT/m²     ,Ref: 02070118192  ,https://venessens-parquet.com/collections/point-de-hongrie-chene-semi-massif-rene/
Sol Stratifié        ,Sol Stratifié Namur                                      ,24.9€ HT/m²      ,Ref: 06043624231  ,https://venessens-parquet.com/collections/sol-stratifie-namur/
Sol Stratifié        ,Sol Stratifié Nature                                     ,24.9€ HT/m²      ,Ref: 06043624230  ,https://venessens-parquet.com/collections/sol-stratifie-nature/
Parquet Semi-Massif  ,Parquet Chêne Semi-Massif Blanchi                        ,89.9€ HT/m²      ,Ref: 05020204480  ,https://venessens-parquet.com/collections/parquet-chene-semi-massif-blanchi-2/
Parquet Semi-Massif  ,Point de Hongrie Chêne Semi-Massif Fauve                 ,89.9€ HT/m²      ,Ref: 05040110090  ,https://venessens-parquet.com/collections/point-de-hongrie-chene-semi-massif-fauve/
Parquet Semi-Massif  ,Point de Hongrie Chêne Semi-Massif Nuit Huilé            ,89.9€ HT/m²      ,Ref: 05040109090  ,https://venessens-parquet.com/collections/point-de-hongrie-chene-semi-massif-nuit-huile/
Parquet Semi-Massif  ,Bâton Rompu Chêne Semi-Massif Nuit Huilé                 ,79.9€ HT/m²      ,Ref: 05050101028  ,https://venessens-parquet.com/collections/baton-rompu-chene-semi-massif-nuit-huile/
Parquet Semi-Massif  ,Parquet Chêne Semi-Massif Fauve                          ,79.9€ HT/m²      ,Ref: 05030202640  ,https://venessens-parquet.com/collections/parquet-chene-semi-massif-fauve-2/
Parquet Semi-Massif  ,Parquet Chêne Semi-Massif Naturel                        ,89.9€ HT/m²      ,Ref: 05020102440  ,https://venessens-parquet.com/collections/parquet-chene-semi-massif-naturel-6/
Parquet Semi-Massif  ,Parquet Chêne Semi-Massif Fauve                          ,79.9€ HT/m²      ,Ref: 05030101390  ,https://venessens-parquet.com/collections/parquet-chene-semi-massif-fauve/
Parquet Semi-Massif  ,Parquet Chêne Semi-Massif Naturel                        ,79.9€ HT/m²      ,Ref: 05020101140  ,https://venessens-parquet.com/collections/parquet-chene-semi-massif-naturel/
Parquet Semi-Massif  ,Parquet Chêne Semi-Massif Dune                           ,77.88€ HT/m²     ,Ref: 05030102340  ,https://venessens-parquet.com/collections/parquet-chene-semi-massif-dune-2/
Parquet Semi-Massif  ,Parquet Chêne Semi-Massif Naturel                        ,79.9€ HT/m²      ,Ref: 05020101590  ,https://venessens-parquet.com/collections/parquet-chene-semi-massif-naturel-5/
Parquet Semi-Massif  ,Parquet Chêne Semi-Massif Naturel                        ,79.9€ HT/m²      ,Ref: 05020202341  ,https://venessens-parquet.com/collections/parquet-chene-semi-massif-naturel-7/
Parquet Semi-Massif  ,Parquet Chêne Semi-Massif Dune                           ,69.9€ HT/m²      ,Ref: 05020101090  ,https://venessens-parquet.com/collections/parquet-chene-semi-massif-dune/
Parquet Semi-Massif  ,Parquet Chêne Semi-Massif Perle                          ,69.9€ HT/m²      ,Ref: 05030102240  ,https://venessens-parquet.com/collections/parquet-chene-semi-massif-perle/
Parquet Semi-Massif  ,Parquet Chêne Semi-Massif Naturel                        ,69.9€ HT/m²      ,Ref: 05030104280  ,https://venessens-parquet.com/collections/parquet-chene-semi-massif-naturel-3/
Parquet Semi-Massif  ,Parquet Chêne Semi-Massif Blanchi                        ,69.9€ HT/m²      ,Ref: 05020102640  ,https://venessens-parquet.com/collections/parquet-chene-semi-massif-blanchi/
Dalles de Versailles ,Dalles de Versailles Semi-Massif Cortina                 ,249.9€ HT/m²     ,Ref: 02025980980  ,https://venessens-parquet.com/collections/dalles-de-versailles-semi-massif-cortina/
Dalles de Versailles ,Dalles de Versailles Semi-Massif Venezia                 ,229.9€ HT/m²     ,Ref: 02024980980  ,https://venessens-parquet.com/collections/dalles-de-versailles-semi-massif-venezia/
Dalles de Versailles ,Dalles de Versailles Semi-Massif Sanibell                ,249.9€ HT/m²     ,Ref: 02022980980  ,https://venessens-parquet.com/collections/dalles-de-versailles-semi-massif-grigio/
Terrasse Exotique    ,Lames de Terrasse Exotiques Cumaru                       ,159.9€ HT/m²     ,Ref: 07024040401  ,https://venessens-parquet.com/collections/lames-de-terrasse-exotiques-cumaru/
Terrasse Exotique    ,Lames de Terrasse Exotiques Iroko                        ,190.9€ HT/m²     ,Ref: 07024040404  ,https://venessens-parquet.com/collections/lames-de-terrasse-exotiques-iroko/
Terrasse Exotique    ,Lames de Terrasse Exotiques Ipé                          ,159.9€ HT/m²     ,Ref: 07024040400  ,https://venessens-parquet.com/collections/lames-de-terrasse-exotiques-ipe/
Dalles de Versailles ,Dalles de Versailles Semi-Massif Firenze                 ,229.9€ HT/m²     ,Ref: 02023980980  ,https://venessens-parquet.com/collections/dalles-de-versailles-semi-massif-firenze/
Parquet Semi-Massif  ,Parquet Chêne Semi Massif Cortina 16/4x90mm              ,109.9€ HT/m²     ,Ref: 02020215903  ,https://venessens-parquet.com/collections/parquet-chene-semi-massif-cortina/
Parquet Semi-Massif  ,Parquet Chêne Semi-Massif Millésime                      ,109.9€ HT/m²     ,Ref: 05020304280  ,https://venessens-parquet.com/collections/parquet-chene-semi-massif-millesime-2/
Parquet Semi-Massif  ,Parquet Chêne Semi-Massif Sanibell                       ,109.9€ HT/m²     ,Ref: 02020215900  ,https://venessens-parquet.com/collections/parquet-chene-semi-massif-grigio/
Les Géométriques     ,Géometrie Space Grigio                                   ,279.9€ HT/m²     ,Ref: 02071320030  ,https://venessens-parquet.com/collections/geometrie-space-grigio/
Parquet Semi-Massif  ,Parquet Chêne Semi-Massif Zenith                         ,109.9€ HT/m²     ,Ref: 05020304180  ,https://venessens-parquet.com/collections/parquet-chene-semi-massif-zenith/
Les Géométriques     ,Géometrie Space Naturalizzato                            ,229.9€ HT/m²     ,Ref: 02071320031  ,https://venessens-parquet.com/collections/geometrie-space-naturalizzato/
Parquet Semi-Massif  ,Parquet Chêne Semi-Massif Venezia                        ,109.9€ HT/m²     ,Ref: 02020215901  ,https://venessens-parquet.com/collections/parquet-chene-semi-massif-venezia/
Parquet Massif       ,Parquet Chêne Massif Naturel                             ,99.9€ HT/m²      ,Ref: 03010407702  ,https://venessens-parquet.com/collections/parquet-chene-massif-naturel/
Parquet Massif       ,Parquet Chêne Massif Griveline                           ,99.9€ HT/m²      ,Ref: 03010407701  ,https://venessens-parquet.com/collections/parquet-chene-massif-griveline/
Parquet Massif       ,Parquet Chêne Massif Aspect Brut Verni                   ,79.9€ HT/m²      ,Ref: 03010403308  ,https://venessens-parquet.com/collections/parquet-chene-massif-aspect-brut-verni/
Parquet Massif       ,Parquet Chêne Massif Javeline                            ,79.9€ HT/m²      ,Ref: 03010403309  ,https://venessens-parquet.com/collections/parquet-chene-massif-javeline-2/
Parquet Semi-Massif  ,Parquet Chêne Semi-Massif Domestic Danielle              ,119.9€ HT/m²     ,Ref: 02012626108  ,https://venessens-parquet.com/collections/parquet-chene-semi-massif-domestic-danielle/
Parquet Massif       ,Parquet Chêne Massif Haussmann                           ,79.9€ HT/m²      ,Ref: 03010403303  ,https://venessens-parquet.com/collections/parquet-chene-massif-haussmann-2/
Parquet Massif       ,Parquet Chêne Massif Naturel                             ,79.9€ HT/m²      ,Ref: 03010403302  ,https://venessens-parquet.com/collections/parquet-chene-massif-naturel-2/
Parquet Semi-Massif  ,Parquet Chêne Semi-Massif Mazel                          ,129.9€ HT/m²     ,Ref: 05020204680  ,https://venessens-parquet.com/collections/parquet-chene-semi-massif-mazel/
Parquet Semi-Massif  ,Parquet Chêne Semi-Massif Domestic Cecile                ,149.9€ HT/m²     ,Ref: 02012626111  ,https://venessens-parquet.com/collections/parquet-chene-semi-massif-domestic-cecile/
Parquet Semi-Massif  ,Parquet Chêne Semi-Massif Nuit                           ,149.9€ HT/m²     ,Ref: 05030304184  ,https://venessens-parquet.com/collections/parquet-chene-semi-massif-nuit/
Parquet Semi-Massif  ,Parquet Chêne Semi-Massif Vendôme                        ,139.9€ HT/m²     ,Ref: 05030105429  ,https://venessens-parquet.com/collections/parquet-chene-semi-massif-vendome/
Parquet Semi-Massif  ,Parquet Chêne Semi-Massif Bois Olav                      ,149.9€ HT/m²     ,Ref: 02012626102  ,https://venessens-parquet.com/collections/parquet-chene-semi-massif-bois-olav/
Parquet Semi-Massif  ,Parquet Chêne Semi-Massif Bois Pure                      ,149.9€ HT/m²     ,Ref: 02012626101  ,https://venessens-parquet.com/collections/parquet-chene-semi-massif-bois-pure-2/
Parquet Semi-Massif  ,Parquet Chêne Semi-Massif Dune                           ,149.9€ HT/m²     ,Ref: 05030104380  ,https://venessens-parquet.com/collections/parquet-chene-semi-massif-dune-3/
Parquet Semi-Massif  ,Parquet Chêne Semi-Massif Domestic Rachelle              ,149.9€ HT/m²     ,Ref: 02012626112  ,https://venessens-parquet.com/collections/parquet-chene-semi-massif-domestic-rachelle/
Parquet Semi-Massif  ,Parquet Chêne Semi-Massif Notre Dame                     ,139.9€ HT/m²     ,Ref: 05030105424  ,https://venessens-parquet.com/collections/parquet-chene-semi-massif-notre-dame/
Parquet Semi-Massif  ,Parquet Chêne Semi-Massif Bastille                       ,139.9€ HT/m²     ,Ref: 05030105430  ,https://venessens-parquet.com/collections/parquet-chene-semi-massif-bastille/
Parquet Semi-Massif  ,Parquet Chêne Semi-Massif Panthéon                       ,139.9€ HT/m²     ,Ref: 05030105431  ,https://venessens-parquet.com/collections/parquet-chene-semi-massif-pantheon/
Parquet Semi-Massif  ,Parquet Chêne Semi-Massif Coton                          ,139.9€ HT/m²     ,Ref: 05030304185  ,https://venessens-parquet.com/collections/parquet-chene-semi-massif-coton/
Parquet Semi-Massif  ,Parquet Chêne Semi-Massif Naturel                        ,159.9€ HT/m²     ,Ref: 05030105122  ,https://venessens-parquet.com/collections/parquet-chene-semi-massif-naturel-4/
Parquet Semi-Massif  ,Parquet Chêne Semi-Massif Domestic Georges               ,149.9€ HT/m²     ,Ref: 02012626113  ,https://venessens-parquet.com/collections/parquet-chene-semi-massif-domestic-georges/
Parquet Semi-Massif  ,Parquet Chêne Semi-Massif Bois Pure                      ,179.9€ HT/m²     ,Ref: 02011175220  ,https://venessens-parquet.com/collections/parquet-chene-semi-massif-bois-pure/
Parquet Semi-Massif  ,Parquet Chêne Semi-Massif Domestic Maurice               ,149.9€ HT/m²     ,Ref: 02012626114  ,https://venessens-parquet.com/collections/parquet-chene-semi-massif-domestic-maurice/
Parquet Semi-Massif  ,Parquet Chêne Semi-Massif Domestic Mathis                ,149.9€ HT/m²     ,Ref: 02012626130  ,https://venessens-parquet.com/collections/parquet-chene-semi-massif-domestic-mathis/
Parquet Semi-Massif  ,Parquet Chêne Semi-Massif Domestic Maurice               ,149.9€ HT/m²     ,Ref: 02012626129  ,https://venessens-parquet.com/collections/parquet-chene-semi-massif-domestic-maurice-2/
Parquet Semi-Massif  ,Parquet Chêne Semi-Massif Domestic Louis                 ,149.9€ HT/m²     ,Ref: 02012626128  ,https://venessens-parquet.com/collections/parquet-chene-semi-massif-domestic-louis/
Parquet Semi-Massif  ,Parquet Chêne Semi-Massif Royal Gris Nuage               ,190.9€ HT/m²     ,Ref: 02012626137  ,https://venessens-parquet.com/collections/parquet-chene-semi-massif-royal-gris-nuage/
Parquet Semi-Massif  ,Parquet Chêne Semi-Massif Atelier Omer                   ,179.9€ HT/m²     ,Ref: 02012626103  ,https://venessens-parquet.com/collections/parquet-chene-semi-massif-atelier-omer/
Parquet Semi-Massif  ,Parquet Chêne Semi-Massif Bois Pure                      ,190.9€ HT/m²     ,Ref: 02012626138  ,https://venessens-parquet.com/collections/parquet-chene-semi-massif-bois-pure-3/
Parquet Semi-Massif  ,Parquet Chêne Semi-Massif Royal Fumé Foncé               ,190.9€ HT/m²     ,Ref: 02012626136  ,https://venessens-parquet.com/collections/parquet-chene-semi-massif-royal-fume-fonce/
Parquet Semi-Massif  ,Parquet Chêne Semi-Massif Olympus Vulcanus               ,190.9€ HT/m²     ,Ref: 02012626134  ,https://venessens-parquet.com/collections/parquet-chene-semi-massif-olympus-vulcanus/
Parquet Semi-Massif  ,Parquet Chêne Semi-Massif Olympus Apollo                 ,190.9€ HT/m²     ,Ref: 02012626135  ,https://venessens-parquet.com/collections/parquet-chene-semi-massif-olympus-apollo/
Parquet Semi-Massif  ,Parquet Chêne Semi-Massif Blanc Intense                  ,190.9€ HT/m²     ,Ref: 02012626133  ,https://venessens-parquet.com/collections/parquet-chene-semi-massif-blanc-intense/
Parquet Semi-Massif  ,Parquet Chêne Semi-Massif Artisan Bruges                 ,190.9€ HT/m²     ,Ref: 02012626131  ,https://venessens-parquet.com/collections/parquet-chene-semi-massif-artisan-bruges-2/
Parquet Semi-Massif  ,Parquet Chêne Semi-Massif Artisan Colonial               ,190.9€ HT/m²     ,Ref: 02012626132  ,https://venessens-parquet.com/collections/parquet-chene-semi-massif-artisan-colonial/
Parquet Semi-Massif  ,Parquet Chêne Semi-Massif Bois de Storm Olav             ,179.9€ HT/m²     ,Ref: 02012626127  ,https://venessens-parquet.com/collections/parquet-chene-semi-massif-bois-de-storm-olav/
Parquet Semi-Massif  ,Parquet Chêne Semi-Massif Bois de Storm Omer             ,179.9€ HT/m²     ,Ref: 02012626126  ,https://venessens-parquet.com/collections/parquet-chene-semi-massif-bois-de-storm-omer/
Parquet Semi-Massif  ,Parquet Chêne Semi-Massif Bois de Storm René             ,179.9€ HT/m²     ,Ref: 02012626125  ,https://venessens-parquet.com/collections/parquet-chene-semi-massif-bois-de-storm-rene-2/
Parquet Semi-Massif  ,Parquet Chêne Semi-Massif Bois de Storm Gustav           ,179.9€ HT/m²     ,Ref: 02012626123  ,https://venessens-parquet.com/collections/parquet-chene-semi-massif-bois-de-storm-gustav/
Parquet Semi-Massif  ,Parquet Chêne Semi-Massif Bois de Storm Leon             ,179.9€ HT/m²     ,Ref: 02012626124  ,https://venessens-parquet.com/collections/parquet-chene-semi-massif-bois-de-storm-leon/
Parquet Semi-Massif  ,Parquet Chêne Semi-Massif Atelier Mandrin                ,190.9€ HT/m²     ,Ref: 02012626139  ,https://venessens-parquet.com/collections/parquet-chene-semi-massif-atelier-mandrin-3/
Parquet Semi-Massif  ,Parquet Chêne Semi-Massif Artisan Anvers                 ,209.9€ HT/m²     ,Ref: 02012626107  ,https://venessens-parquet.com/collections/parquet-chene-semi-massif-artisan-anvers/
Parquet Semi-Massif  ,Parquet Chêne Semi-Massif Artisan Bruges                 ,209.9€ HT/m²     ,Ref: 02012626106  ,https://venessens-parquet.com/collections/parquet-chene-semi-massif-artisan-bruges/
Parquet Semi-Massif  ,Parquet Exotic Semi-Massif Noyer                         ,199.9€ HT/m²     ,Ref: 02020215904  ,https://venessens-parquet.com/collections/parquet-exotic-semi-massif-noyer/
Parquet Semi-Massif  ,Parquet Chêne Semi-Massif Atelier Ciso                   ,199.9€ HT/m²     ,Ref: 02012626120  ,https://venessens-parquet.com/collections/parquet-chene-semi-massif-atelier-ciso/
Parquet Semi-Massif  ,Parquet Chêne Semi-Massif Atelier Perce                  ,199.9€ HT/m²     ,Ref: 02012626119  ,https://venessens-parquet.com/collections/parquet-chene-semi-massif-atelier-perce/
Parquet Semi-Massif  ,Parquet Chêne Semi-Massif Artisan Anvers                 ,199.9€ HT/m²     ,Ref: 02012626118  ,https://venessens-parquet.com/collections/parquet-chene-semi-massif-artisan-anvers-2/
Parquet Semi-Massif  ,Parquet Chêne Semi-Massif Artisan Marseille              ,199.9€ HT/m²     ,Ref: 02012626117  ,https://venessens-parquet.com/collections/parquet-chene-semi-massif-artisan-marseille/
Parquet Semi-Massif  ,Parquet Chêne Semi-Massif Gustav                         ,199.9€ HT/m²     ,Ref: 02012626115  ,https://venessens-parquet.com/collections/parquet-chene-semi-massif-gustav/
Parquet Semi-Massif  ,Parquet Chêne Semi-Massif Atelier Marto                  ,199.9€ HT/m²     ,Ref: 02012626116  ,https://venessens-parquet.com/collections/parquet-chene-semi-massif-atelier-marto/
Parquet Semi-Massif  ,Parquet Chêne Semi-Massif Bois de Storm René             ,199.9€ HT/m²     ,Ref: 02012626109  ,https://venessens-parquet.com/collections/parquet-chene-semi-massif-bois-de-storm-rene/
Parquet Semi-Massif  ,Parquet Chêne Semi-Massif Atelier Mandrin                ,199.9€ HT/m²     ,Ref: 02012626104  ,https://venessens-parquet.com/collections/parquet-chene-semi-massif-atelier-mandrin/
Parquet Semi-Massif  ,Parquet Chêne Semi-Massif Zenith                         ,190.9€ HT/m²     ,Ref: 00000012541  ,https://venessens-parquet.com/collections/parquet-chene-semi-massif-zenith-2/
Parquet Semi-Massif  ,Parquet Chêne Semi-Massif Artisan Marseille              ,190.9€ HT/m²     ,Ref: 02012626141  ,https://venessens-parquet.com/collections/parquet-chene-semi-massif-artisan-marseille-2/
Parquet Semi-Massif  ,Parquet Chêne Semi-Massif Atelier Mandrin                ,219€ HT/m²       ,Ref: 02012626105  ,https://venessens-parquet.com/collections/parquet-chene-semi-massif-atelier-mandrin-2/
Parquet Semi-Massif  ,Parquet Chêne Semi-Massif Artisan Colette                ,190.9€ HT/m²     ,Ref: 02012626140  ,https://venessens-parquet.com/collections/parquet-chene-semi-massif-artisan-colette/
Parquet Semi-Massif  ,Parquet Chêne Semi-Massif Gaspard                        ,219.9€ HT/m²     ,Ref: 02012626122  ,https://venessens-parquet.com/collections/parquet-chene-semi-massif-gaspard/
Parquet Semi-Massif  ,Parquet Chêne Semi-Massif Gustav                         ,219.9€ HT/m²     ,Ref: 02012626121  ,https://venessens-parquet.com/collections/parquet-chene-semi-massif-gustav-2/
